日付,曜日,出勤時間,退勤時間,勤務時間,時,分,給与
2022-11-01,Tue,7:00,12:14,5.23,5,14.0,5233.0
2022-11-02,Wed,0:00,0:00,0.0,0,0.0,0.0
2022-11-03,Thu,7:00,12:27,5.45,5,27.0,5722.0
2022-11-04,Fri,7:52,11:10,3.3,3,18.0,3300.0
2022-11-05,Sat,0:00,0:00,0.0,0,0.0,0.0
2022-11-06,Sun,0,0,0.0,0,0.0,0.0
2022-11-07,Mon,7:50,13:42,5.87,5,52.0,5867.0
2022-11-08,Tue,7:49,13:29,5.67,5,40.0,5667.0
2022-11-09,Wed,0:00,0:00,0.0,0,0.0,0.0
2022-11-10,Thu,7:51,12:04,4.22,4,13.0,4217.0
2022-11-11,Fri,7:51,11:53,4.03,4,2.0,4033.0
2022-11-12,Sat,0:00,0:00,0.0,0,0.0,0.0
2022-11-13,Sun,0,0,0.0,0,0.0,0.0
2022-11-14,Mon,7:53,13:37,5.73,5,44.0,5733.0
2022-11-15,Tue,7:50,13:33,5.72,5,43.0,5717.0
2022-11-16,Wed,0,0,0.0,0,0.0,0.0
2022-11-17,Thu,7:51,12:07,4.27,4,16.0,4267.0
2022-11-18,Fri,7:49,11:52,4.05,4,3.0,4050.0
2022-11-19,Sat,0:00,0:00,0.0,0,0.0,0.0
2022-11-20,Sun,0,0,0.0,0,0.0,0.0
2022-11-21,Mon,7:49,13:36,5.78,5,47.0,5783.0
2022-11-22,Tue,0,0,0.0,0,0.0,0.0
2022-11-23,Wed,0,0,0.0,0,0.0,0.0
2022-11-24,Thu,7:48,12:25,4.62,4,37.0,4617.0
2022-11-25,Fri,7:48,12:06,4.3,4,18.0,4300.0
2022-11-26,Sat,0:00,0:00,0.0,0,0.0,0.0
2022-11-27,Sun,0:00,0:00,0.0,0,0.0,0.0
2022-11-28,Mon,7:50,13:02,5.2,5,12.0,5200.0
2022-11-29,Tue,7:50,13:30,5.67,5,40.0,5667.0
2022-11-30,Wed,0,0,0.0,0,0.0,0.0
2022-12-01,Thu,7:09,12:40,5.52,5,31.0,5517.0
2022-12-02,Fri,7:52,12:06,4.23,4,14.0,4233.0
2022-12-03,Sat,0:00,0:00,0.0,0,0.0,0.0
2022-12-04,Sun,0,0,0.0,0,0.0,0.0
2022-12-05,Mon,7:52,13:43,5.85,5,51.0,5850.0
2022-12-06,Tue,7:50,13:36,5.77,5,46.0,5767.0
2022-12-07,Wed,7:29,12:05,4.6,4,36.0,4600.0
2022-12-08,Thu,7:52,12:21,4.48,4,29.0,4483.0
2022-12-09,Fri,0,0,0.0,0,0.0,0.0
2022-12-10,Sat,0,0,0.0,0,0.0,0.0
2022-12-11,Sun,0,0,0.0,0,0.0,0.0
2022-12-12,Mon,7:53,13:44,5.85,5,51.0,5850.0
2022-12-13,Tue,7:55,13:38,5.72,5,43.0,5717.0
2022-12-14,Wed,0,0,0.0,0,0.0,0.0
2022-12-15,Thu,7:00,12:05,5.08,5,5.0,5083.0
2022-12-16,Fri,7:00,11:02,4.03,4,2.0,4033.0
2022-12-17,Sat,0,0,0.0,0,0.0,0.0
2022-12-18,Sun,0,0,0.0,0,0.0,0.0
2022-12-19,Mon,0,0,0.0,0,0.0,0.0
2022-12-20,Tue,0,0,0.0,0,0.0,0.0
2022-12-21,Wed,0,0,0.0,0,0.0,0.0
2022-12-22,Thu,0,0,0.0,0,0.0,0.0
2022-12-23,Fri,0,0,0.0,0,0.0,0.0
2022-12-24,Sat,0,0,0.0,0,0.0,0.0
2022-12-25,Sun,0:00,0:00,0.0,0,0.0,0.0
2022-12-26,Mon,7:00,13:09,6.15,6,9.0,6150.0
2022-12-27,Tue,7:00,12:56,5.93,5,56.0,5933.0
2022-12-28,Wed,7:00,12:43,5.72,5,43.0,5717.0
2022-12-29,Thu,0,0,0.0,0,0.0,0.0
2022-12-30,Fri,0,0,0.0,0,0.0,0.0
2022-12-31,Sat,0,0,0.0,0,0.0,0.0
2023-01-01,Sun,0,0,0.0,0,0.0,0.0
2023-01-02,Mon,7:00,9:38,2.63,2,38.0,2765.0
2023-01-03,Tue,7:00,11:42,4.7,4,42.0,4700.0
2023-01-04,Wed,7:00,11:26,4.43,4,26.0,4433.0
2023-01-05,Thu,7:00,12:39,5.65,5,39.0,5650.0
2023-01-06,Fri,7:00,10:11,3.18,3,11.0,3183.0
2023-01-07,Sat,0,0,0.0,0,0.0,0.0
2023-01-08,Sun,0,0,0.0,0,0.0,0.0
2023-01-09,Mon,7:00,12:35,5.58,5,35.0,5862.0
2023-01-10,Tue,7:52,12:08,4.27,4,16.0,4267.0
2023-01-11,Wed,0,0,0.0,0,0.0,0.0
2023-01-12,Thu,7:51,12:23,4.53,4,32.0,4533.0
2023-01-13,Fri,7:51,10:59,3.13,3,8.0,3133.0
2023-01-14,Sat,0,0,0.0,0,0.0,0.0
2023-01-15,Sun,0,0,0.0,0,0.0,0.0
2023-01-16,Mon,7:48,13:45,5.95,5,57.0,5950.0
2023-01-17,Tue,7:49,13:00,5.18,5,11.0,5183.0
2023-01-18,Wed,0,0,0.0,0,0.0,0.0
2023-01-19,Thu,7:52,11:57,4.08,4,5.0,4083.0
2023-01-20,Fri,7:52,11:57,4.08,4,5.0,4083.0
2023-01-21,Sat,0,0,0.0,0,0.0,0.0
2023-01-22,Sun,0,0,0.0,0,0.0,0.0
2023-01-23,Mon,7:00,12:55,5.92,5,55.0,5917.0
2023-01-24,Tue,7:53,13:08,5.25,5,15.0,5250.0
2023-01-25,Wed,0,0,0.0,0,0.0,0.0
2023-01-26,Thu,7:56,11:15,3.32,3,19.0,3317.0
2023-01-27,Fri,7:09,12:10,5.02,5,1.0,5017.0
2023-01-28,Sat,0,0,0.0,0,0.0,0.0
2023-01-29,Sun,0,0,0.0,0,0.0,0.0
2023-01-30,Mon,0,0,0.0,0,0.0,0.0
2023-01-31,Tue,0,0,0.0,0,0.0,0.0
2023-02-01,Wed,0,0,0.0,0,0.0,0.0
2023-02-02,Thu,7:49,11:58,4.15,4,9.0,4150.0
2023-02-03,Fri,7:50,12:15,4.42,4,25.0,4417.0
2023-02-04,Sat,0,0,0.0,0,0.0,0.0
2023-02-05,Sun,0,0,0.0,0,0.0,0.0
2023-02-06,Mon,7:00,12:58,5.97,5,58.0,5967.0
2023-02-07,Tue,7:53,13:13,5.33,5,20.0,5333.0
2023-02-08,Wed,0,0,0.0,0,0.0,0.0
2023-02-09,Thu,7:54,12:00,4.1,4,6.0,4100.0
2023-02-10,Fri,0,0,0.0,0,0.0,0.0
2023-02-11,Sat,0,0,0.0,0,0.0,0.0
2023-02-12,Sun,0,0,0.0,0,0.0,0.0
2023-02-13,Mon,7:00,12:22,5.37,5,22.0,5367.0
2023-02-14,Tue,7:53,12:58,5.08,5,5.0,5083.0
2023-02-15,Wed,7:51,12:05,4.23,4,14.0,4233.0
2023-02-16,Thu,7:00,8:32,1.53,1,32.0,1533.0
2023-02-17,Fri,7:24,12:02,4.63,4,38.0,4633.0
2023-02-18,Sat,0,0,0.0,0,0.0,0.0
2023-02-19,Sun,0,0,0.0,0,0.0,0.0
2023-02-20,Mon,7:00,12:52,5.87,5,52.0,5867.0
2023-02-21,Tue,7:53,13:02,5.15,5,9.0,5150.0
2023-02-22,Wed,7:06,11:06,4.0,4,0.0,4000.0
2023-02-23,Thu,7:00,9:58,2.97,2,58.0,3115.0
2023-02-24,Fri,7:52,11:48,3.93,3,56.0,3933.0
2023-02-25,Sat,0,0,0.0,0,0.0,0.0
2023-02-26,Sun,0,0,0.0,0,0.0,0.0
2023-02-27,Mon,7:00,12:53,5.88,5,53.0,5883.0
2023-02-28,Tue,7:54,13:16,5.37,5,22.0,5367.0
2023-03-01,Wed,0,0,0.0,0,0.0,0.0
2023-03-02,Thu,7:00,12:11,5.18,5,11.0,5183.0
2023-03-03,Fri,7:52,11:36,3.73,3,44.0,3733.0
2023-03-04,Sat,0,0,0.0,0,0.0,0.0
2023-03-05,Sun,0:00,0:00,0.0,0,0.0,0.0
2023-03-06,Mon,7:00,12:50,5.83,5,50.0,5833.0
2023-03-07,Tue,7:54,12:18,4.4,4,24.0,4400.0
2023-03-08,Wed,0,0,0.0,0,0.0,0.0
2023-03-09,Thu,7:00,11:26,4.43,4,26.0,4433.0
2023-03-10,Fri,7:00,11:02,4.03,4,2.0,4033.0
2023-03-11,Sat,0:00,0:00,0.0,0,0.0,0.0
2023-03-12,Sun,0,0,0.0,0,0.0,0.0
2023-03-13,Mon,7:00,12:56,5.93,5,56.0,5933.0
2023-03-14,Tue,0,0,0.0,0,0.0,0.0
2023-03-15,Wed,0,0,0.0,0,0.0,0.0
2023-03-16,Thu,0,0,0.0,0,0.0,0.0
2023-03-17,Fri,0,0,0.0,0,0.0,0.0
2023-03-18,Sat,0,0,0.0,0,0.0,0.0
2023-03-19,Sun,0,0,0.0,0,0.0,0.0
2023-03-20,Mon,0,0,0.0,0,0.0,0.0
2023-03-21,Tue,0,0,0.0,0,0.0,0.0
2023-03-22,Wed,0,0,0.0,0,0.0,0.0
2023-03-23,Thu,0,0,0.0,0,0.0,0.0
2023-03-24,Fri,0,0,0.0,0,0.0,0.0
2023-03-25,Sat,0,0,0.0,0,0.0,0.0
2023-03-26,Sun,0,0,0.0,0,0.0,0.0
2023-03-27,Mon,0,0,0.0,0,0.0,0.0
2023-03-28,Tue,0,0,0.0,0,0.0,0.0
2023-03-29,Wed,0,0,0.0,0,0.0,0.0
2023-03-30,Thu,0,0,0.0,0,0.0,0.0
2023-03-31,Fri,0,0,0.0,0,0.0,0.0
2023-04-01,Sat,0,0,0.0,0,0.0,0.0
2023-04-02,Sun,0,0,0.0,0,0.0,0.0
2023-04-03,Mon,0,0,0.0,0,0.0,0.0
2023-04-04,Tue,0,0,0.0,0,0.0,0.0
2023-04-05,Wed,0,0,0.0,0,0.0,0.0
2023-04-06,Thu,0,0,0.0,0,0.0,0.0
2023-04-07,Fri,0,0,0.0,0,0.0,0.0
2023-04-08,Sat,0,0,0.0,0,0.0,0.0
2023-04-09,Sun,0,0,0.0,0,0.0,0.0
2023-04-10,Mon,0,0,0.0,0,0.0,0.0
2023-04-11,Tue,0,0,0.0,0,0.0,0.0
2023-04-12,Wed,0,0,0.0,0,0.0,0.0
2023-04-13,Thu,0,0,0.0,0,0.0,0.0
2023-04-14,Fri,0,0,0.0,0,0.0,0.0
2023-04-15,Sat,0,0,0.0,0,0.0,0.0
2023-04-16,Sun,0,0,0.0,0,0.0,0.0
2023-04-17,Mon,0,0,0.0,0,0.0,0.0
2023-04-18,Tue,0,0,0.0,0,0.0,0.0
2023-04-19,Wed,0,0,0.0,0,0.0,0.0
2023-04-20,Thu,0,0,0.0,0,0.0,0.0
2023-04-21,Fri,0,0,0.0,0,0.0,0.0
2023-04-22,Sat,0,0,0.0,0,0.0,0.0
2023-04-23,Sun,0,0,0.0,0,0.0,0.0
2023-04-24,Mon,0,0,0.0,0,0.0,0.0
2023-04-25,Tue,0,0,0.0,0,0.0,0.0
2023-04-26,Wed,0,0,0.0,0,0.0,0.0
2023-04-27,Thu,0,0,0.0,0,0.0,0.0
2023-04-28,Fri,0,0,0.0,0,0.0,0.0
2023-04-29,Sat,0,0,0.0,0,0.0,0.0
2023-04-30,Sun,0,0,0.0,0,0.0,0.0
2023-05-01,Mon,7:00,13:05,6.08,6,5.0,6083.0
2023-05-02,Tue,7:00,12:48,5.8,5,48.0,5800.0
2023-05-03,Wed,7:00,12:06,5.1,5,6.0,5355.0
2023-05-04,Thu,7:00,11:03,4.05,4,3.0,4252.0
2023-05-05,Fri,0,0,0.0,0,0.0,0.0
2023-05-06,Sat,0,0,0.0,0,0.0,0.0
2023-05-07,Sun,0,0,0.0,0,0.0,0.0
2023-05-08,Mon,7:00,12:54,5.9,5,54.0,5900.0
2023-05-09,Tue,7:51,12:57,5.1,5,6.0,5100.0
2023-05-10,Wed,0:00,0:00,0.0,0,0.0,0.0
2023-05-11,Thu,7:00,12:10,5.17,5,10.0,5167.0
2023-05-12,Fri,7:50,11:20,3.5,3,30.0,3500.0
2023-05-13,Sat,0,0,0.0,0,0.0,0.0
2023-05-14,Sun,0,0,0.0,0,0.0,0.0
2023-05-15,Mon,7:00,12:53,5.88,5,53.0,5883.0
2023-05-16,Tue,7:50,12:30,4.67,4,40.0,4667.0
2023-05-17,Wed,0,0,0.0,0,0.0,0.0
2023-05-18,Thu,0,0,0.0,0,0.0,0.0
2023-05-19,Fri,0,0,0.0,0,0.0,0.0
2023-05-20,Sat,0,0,0.0,0,0.0,0.0
2023-05-21,Sun,0,0,0.0,0,0.0,0.0
2023-05-22,Mon,0,0,0.0,0,0.0,0.0
2023-05-23,Tue,0,0,0.0,0,0.0,0.0
2023-05-24,Wed,0,0,0.0,0,0.0,0.0
2023-05-25,Thu,0,0,0.0,0,0.0,0.0
2023-05-26,Fri,0,0,0.0,0,0.0,0.0
2023-05-27,Sat,0,0,0.0,0,0.0,0.0
2023-05-28,Sun,0,0,0.0,0,0.0,0.0
2023-05-29,Mon,0,0,0.0,0,0.0,0.0
2023-05-30,Tue,0,0,0.0,0,0.0,0.0
2023-05-31,Wed,0,0,0.0,0,0.0,0.0
2023-06-01,Thu,0,0,0.0,0,0.0,0.0
2023-06-02,Fri,0,0,0.0,0,0.0,0.0
2023-06-03,Sat,0,0,0.0,0,0.0,0.0
2023-06-04,Sun,0,0,0.0,0,0.0,0.0
2023-06-05,Mon,0,0,0.0,0,0.0,0.0
2023-06-06,Tue,0,0,0.0,0,0.0,0.0
2023-06-07,Wed,0,0,0.0,0,0.0,0.0
2023-06-08,Thu,0,0,0.0,0,0.0,0.0
2023-06-09,Fri,0,0,0.0,0,0.0,0.0
2023-06-10,Sat,0,0,0.0,0,0.0,0.0
2023-06-11,Sun,0,0,0.0,0,0.0,0.0
2023-06-12,Mon,0,0,0.0,0,0.0,0.0
2023-06-13,Tue,0,0,0.0,0,0.0,0.0
2023-06-14,Wed,0,0,0.0,0,0.0,0.0
2023-06-15,Thu,0,0,0.0,0,0.0,0.0
2023-06-16,Fri,0,0,0.0,0,0.0,0.0
2023-06-17,Sat,0,0,0.0,0,0.0,0.0
2023-06-18,Sun,0,0,0.0,0,0.0,0.0
2023-06-19,Mon,0,0,0.0,0,0.0,0.0
2023-06-20,Tue,0,0,0.0,0,0.0,0.0
2023-06-21,Wed,0,0,0.0,0,0.0,0.0
2023-06-22,Thu,0,0,0.0,0,0.0,0.0
2023-06-23,Fri,0,0,0.0,0,0.0,0.0
2023-06-24,Sat,0,0,0.0,0,0.0,0.0
2023-06-25,Sun,0,0,0.0,0,0.0,0.0
2023-06-26,Mon,0,0,0.0,0,0.0,0.0
2023-06-27,Tue,0,0,0.0,0,0.0,0.0
2023-06-28,Wed,0,0,0.0,0,0.0,0.0
2023-06-29,Thu,0,0,0.0,0,0.0,0.0
2023-06-30,Fri,0,0,0.0,0,0.0,0.0
2023-07-01,Sat,0,0,0.0,0,0.0,0.0
2023-07-02,Sun,0,0,0.0,0,0.0,0.0
2023-07-03,Mon,7:53,13:18,5.42,5,25.0,5417.0
2023-07-04,Tue,7:53,13:15,5.37,5,22.0,5367.0
2023-07-05,Wed,0,0,0.0,0,0.0,0.0
2023-07-06,Thu,7:53,12:18,4.42,4,25.0,4417.0
2023-07-07,Fri,7:52,11:28,3.6,3,36.0,3600.0
2023-07-08,Sat,0,0,0.0,0,0.0,0.0
2023-07-09,Sun,0,0,0.0,0,0.0,0.0
2023-07-10,Mon,7:52,13:36,5.73,5,44.0,5733.0
2023-07-11,Tue,7:20,12:48,5.47,5,28.0,5467.0
2023-07-12,Wed,0,0,0.0,0,0.0,0.0
2023-07-13,Thu,7:04,11:48,4.73,4,44.0,4733.0
2023-07-14,Fri,7:49,12:04,4.25,4,15.0,4250.0
2023-07-15,Sat,0,0,0.0,0,0.0,0.0
2023-07-16,Sun,0,0,0.0,0,0.0,0.0
2023-07-17,Mon,0,0,0.0,0,0.0,0.0
2023-07-18,Tue,7:00,12:38,5.63,5,38.0,5633.0
2023-07-19,Wed,7:51,12:45,4.9,4,54.0,4900.0
2023-07-20,Thu,0,0,0.0,0,0.0,0.0
2023-07-21,Fri,7:00,11:06,4.1,4,6.0,4100.0
2023-07-22,Sat,0,0,0.0,0,0.0,0.0
2023-07-23,Sun,0,0,0.0,0,0.0,0.0
2023-07-24,Mon,7:48,13:09,5.35,5,21.0,5350.0
2023-07-25,Tue,7:20,12:41,5.35,5,21.0,5350.0
2023-07-26,Wed,0,0,0.0,0,0.0,0.0
2023-07-27,Thu,7:00,11:22,4.37,4,22.0,4367.0
2023-07-28,Fri,7:23,11:30,4.12,4,7.0,4117.0
2023-07-29,Sat,0,0,0.0,0,0.0,0.0
2023-07-30,Sun,0,0,0.0,0,0.0,0.0
2023-07-31,Mon,7:57,13:20,5.38,5,23.0,5383.0
2023-08-01,Tue,7:27,13:07,5.67,5,40.0,5667.0
2023-08-02,Wed,0,0,0.0,0,0.0,0.0
2023-08-03,Thu,7:53,13:05,5.2,5,12.0,5200.0
2023-08-04,Fri,7:49,12:15,4.43,4,26.0,4433.0
2023-08-05,Sat,0,0,0.0,0,0.0,0.0
2023-08-06,Sun,0,0,0.0,0,0.0,0.0
2023-08-07,Mon,7:24,13:07,5.72,5,43.0,5717.0
2023-08-08,Tue,7:25,13:08,5.72,5,43.0,5717.0
2023-08-09,Wed,0:00,0:00,0.0,0,0.0,0.0
2023-08-10,Thu,7:22,12:31,5.15,5,9.0,5150.0
2023-08-11,Fri,7:00,10:19,3.32,3,19.0,3482.0
2023-08-12,Sat,0,0,0.0,0,0.0,0.0
2023-08-13,Sun,0,0,0.0,0,0.0,0.0
2023-08-14,Mon,7:00,12:19,5.32,5,19.0,5317.0
2023-08-15,Tue,7:00,11:28,4.47,4,28.0,4467.0
2023-08-16,Wed,7:00,12:19,5.32,5,19.0,5317.0
2023-08-17,Thu,0,0,0.0,0,0.0,0.0
2023-08-18,Fri,0,0,0.0,0,0.0,0.0
2023-08-19,Sat,0,0,0.0,0,0.0,0.0
2023-08-20,Sun,0,0,0.0,0,0.0,0.0
2023-08-21,Mon,0,0,0.0,0,0.0,0.0
2023-08-22,Tue,0,0,0.0,0,0.0,0.0
2023-08-23,Wed,0,0,0.0,0,0.0,0.0
2023-08-24,Thu,0,0,0.0,0,0.0,0.0
2023-08-25,Fri,0,0,0.0,0,0.0,0.0
2023-08-26,Sat,0,0,0.0,0,0.0,0.0
2023-08-27,Sun,0,0,0.0,0,0.0,0.0
2023-08-28,Mon,0,0,0.0,0,0.0,0.0
2023-08-29,Tue,0,0,0.0,0,0.0,0.0
2023-08-30,Wed,0,0,0.0,0,0.0,0.0
2023-08-31,Thu,0,0,0.0,0,0.0,0.0
2023-09-01,Fri,0,0,0.0,0,0.0,0.0
2023-09-02,Sat,0,0,0.0,0,0.0,0.0
2023-09-03,Sun,0,0,0.0,0,0.0,0.0
2023-09-04,Mon,0,0,0.0,0,0.0,0.0
2023-09-05,Tue,0,0,0.0,0,0.0,0.0
2023-09-06,Wed,0,0,0.0,0,0.0,0.0
2023-09-07,Thu,0,0,0.0,0,0.0,0.0
2023-09-08,Fri,0,0,0.0,0,0.0,0.0
2023-09-09,Sat,0,0,0.0,0,0.0,0.0
2023-09-10,Sun,0,0,0.0,0,0.0,0.0
2023-09-11,Mon,0,0,0.0,0,0.0,0.0
2023-09-12,Tue,0,0,0.0,0,0.0,0.0
2023-09-13,Wed,0,0,0.0,0,0.0,0.0
2023-09-14,Thu,0,0,0.0,0,0.0,0.0
2023-09-15,Fri,0,0,0.0,0,0.0,0.0
2023-09-16,Sat,0,0,0.0,0,0.0,0.0
2023-09-17,Sun,0,0,0.0,0,0.0,0.0
2023-09-18,Mon,0,0,0.0,0,0.0,0.0
2023-09-19,Tue,0,0,0.0,0,0.0,0.0
2023-09-20,Wed,0,0,0.0,0,0.0,0.0
2023-09-21,Thu,0,0,0.0,0,0.0,0.0
2023-09-22,Fri,0,0,0.0,0,0.0,0.0
2023-09-23,Sat,0,0,0.0,0,0.0,0.0
2023-09-24,Sun,0,0,0.0,0,0.0,0.0
2023-09-25,Mon,0,0,0.0,0,0.0,0.0
2023-09-26,Tue,0,0,0.0,0,0.0,0.0
2023-09-27,Wed,0,0,0.0,0,0.0,0.0
2023-09-28,Thu,0,0,0.0,0,0.0,0.0
2023-09-29,Fri,0,0,0.0,0,0.0,0.0
2023-09-30,Sat,0,0,0.0,0,0.0,0.0
2023-10-01,Sun,0,0,0.0,0,0.0,0.0
2023-10-02,Mon,0,0,0.0,0,0.0,0.0
2023-10-03,Tue,0,0,0.0,0,0.0,0.0
2023-10-04,Wed,0,0,0.0,0,0.0,0.0
2023-10-05,Thu,0,0,0.0,0,0.0,0.0
2023-10-06,Fri,0,0,0.0,0,0.0,0.0
2023-10-07,Sat,0,0,0.0,0,0.0,0.0
2023-10-08,Sun,0,0,0.0,0,0.0,0.0
2023-10-09,Mon,0,0,0.0,0,0.0,0.0
2023-10-10,Tue,0,0,0.0,0,0.0,0.0
2023-10-11,Wed,0,0,0.0,0,0.0,0.0
2023-10-12,Thu,0,0,0.0,0,0.0,0.0
2023-10-13,Fri,0,0,0.0,0,0.0,0.0
2023-10-14,Sat,0,0,0.0,0,0.0,0.0
2023-10-15,Sun,0,0,0.0,0,0.0,0.0
2023-10-16,Mon,0,0,0.0,0,0.0,0.0
2023-10-17,Tue,0,0,0.0,0,0.0,0.0
2023-10-18,Wed,0,0,0.0,0,0.0,0.0
2023-10-19,Thu,0,0,0.0,0,0.0,0.0
2023-10-20,Fri,0,0,0.0,0,0.0,0.0
2023-10-21,Sat,0,0,0.0,0,0.0,0.0
2023-10-22,Sun,0,0,0.0,0,0.0,0.0
2023-10-23,Mon,0,0,0.0,0,0.0,0.0
2023-10-24,Tue,0,0,0.0,0,0.0,0.0
2023-10-25,Wed,0,0,0.0,0,0.0,0.0
2023-10-26,Thu,0,0,0.0,0,0.0,0.0
2023-10-27,Fri,0,0,0.0,0,0.0,0.0
2023-10-28,Sat,0,0,0.0,0,0.0,0.0
2023-10-29,Sun,0,0,0.0,0,0.0,0.0
2023-10-30,Mon,0,0,0.0,0,0.0,0.0
2023-10-31,Tue,0,0,0.0,0,0.0,0.0
2023-11-01,Wed,0,0,0.0,0,0.0,0.0
2023-11-02,Thu,0,0,0.0,0,0.0,0.0
2023-11-03,Fri,0,0,0.0,0,0.0,0.0
2023-11-04,Sat,0,0,0.0,0,0.0,0.0
2023-11-05,Sun,0,0,0.0,0,0.0,0.0
2023-11-06,Mon,0,0,0.0,0,0.0,0.0
2023-11-07,Tue,0,0,0.0,0,0.0,0.0
2023-11-08,Wed,0,0,0.0,0,0.0,0.0
2023-11-09,Thu,0,0,0.0,0,0.0,0.0
2023-11-10,Fri,0,0,0.0,0,0.0,0.0
2023-11-11,Sat,0,0,0.0,0,0.0,0.0
2023-11-12,Sun,0,0,0.0,0,0.0,0.0
2023-11-13,Mon,0,0,0.0,0,0.0,0.0
2023-11-14,Tue,0,0,0.0,0,0.0,0.0
2023-11-15,Wed,0,0,0.0,0,0.0,0.0
2023-11-16,Thu,0,0,0.0,0,0.0,0.0
2023-11-17,Fri,0,0,0.0,0,0.0,0.0
2023-11-18,Sat,0,0,0.0,0,0.0,0.0
2023-11-19,Sun,0,0,0.0,0,0.0,0.0
2023-11-20,Mon,0,0,0.0,0,0.0,0.0
2023-11-21,Tue,0,0,0.0,0,0.0,0.0
2023-11-22,Wed,0,0,0.0,0,0.0,0.0
2023-11-23,Thu,0,0,0.0,0,0.0,0.0
2023-11-24,Fri,0,0,0.0,0,0.0,0.0
2023-11-25,Sat,0,0,0.0,0,0.0,0.0
2023-11-26,Sun,0,0,0.0,0,0.0,0.0
2023-11-27,Mon,0,0,0.0,0,0.0,0.0
2023-11-28,Tue,0,0,0.0,0,0.0,0.0
2023-11-29,Wed,0,0,0.0,0,0.0,0.0
2023-11-30,Thu,0,0,0.0,0,0.0,0.0
2023-12-01,Fri,0,0,0.0,0,0.0,0.0
2023-12-02,Sat,0,0,0.0,0,0.0,0.0
2023-12-03,Sun,0,0,0.0,0,0.0,0.0
2023-12-04,Mon,0,0,0.0,0,0.0,0.0
2023-12-05,Tue,0,0,0.0,0,0.0,0.0
2023-12-06,Wed,0,0,0.0,0,0.0,0.0
2023-12-07,Thu,0,0,0.0,0,0.0,0.0
2023-12-08,Fri,0,0,0.0,0,0.0,0.0
2023-12-09,Sat,0,0,0.0,0,0.0,0.0
2023-12-10,Sun,0,0,0.0,0,0.0,0.0
2023-12-11,Mon,0,0,0.0,0,0.0,0.0
2023-12-12,Tue,0,0,0.0,0,0.0,0.0
2023-12-13,Wed,0,0,0.0,0,0.0,0.0
2023-12-14,Thu,0,0,0.0,0,0.0,0.0
2023-12-15,Fri,0,0,0.0,0,0.0,0.0
2023-12-16,Sat,0,0,0.0,0,0.0,0.0
2023-12-17,Sun,0,0,0.0,0,0.0,0.0
2023-12-18,Mon,0,0,0.0,0,0.0,0.0
2023-12-19,Tue,0,0,0.0,0,0.0,0.0
2023-12-20,Wed,0,0,0.0,0,0.0,0.0
2023-12-21,Thu,0,0,0.0,0,0.0,0.0
2023-12-22,Fri,0,0,0.0,0,0.0,0.0
2023-12-23,Sat,0,0,0.0,0,0.0,0.0
2023-12-24,Sun,0,0,0.0,0,0.0,0.0
2023-12-25,Mon,0,0,0.0,0,0.0,0.0
2023-12-26,Tue,0,0,0.0,0,0.0,0.0
2023-12-27,Wed,0,0,0.0,0,0.0,0.0
2023-12-28,Thu,0,0,0.0,0,0.0,0.0
2023-12-29,Fri,0,0,0.0,0,0.0,0.0
2023-12-30,Sat,0,0,0.0,0,0.0,0.0
2023-12-31,Sun,0,0,0.0,0,0.0,0.0
2024-01-01,Mon,0,0,0.0,0,0.0,0.0
2024-01-02,Tue,0,0,0.0,0,0.0,0.0
2024-01-03,Wed,0,0,0.0,0,0.0,0.0
2024-01-04,Thu,0,0,0.0,0,0.0,0.0
2024-01-05,Fri,0,0,0.0,0,0.0,0.0
2024-01-06,Sat,0,0,0.0,0,0.0,0.0
2024-01-07,Sun,0,0,0.0,0,0.0,0.0
2024-01-08,Mon,0,0,0.0,0,0.0,0.0
2024-01-09,Tue,0,0,0.0,0,0.0,0.0
2024-01-10,Wed,0,0,0.0,0,0.0,0.0
2024-01-11,Thu,0,0,0.0,0,0.0,0.0
2024-01-12,Fri,0,0,0.0,0,0.0,0.0
2024-01-13,Sat,0,0,0.0,0,0.0,0.0
2024-01-14,Sun,0,0,0.0,0,0.0,0.0
2024-01-15,Mon,0,0,0.0,0,0.0,0.0
2024-01-16,Tue,0,0,0.0,0,0.0,0.0
2024-01-17,Wed,0,0,0.0,0,0.0,0.0
2024-01-18,Thu,0,0,0.0,0,0.0,0.0
2024-01-19,Fri,0,0,0.0,0,0.0,0.0
2024-01-20,Sat,0,0,0.0,0,0.0,0.0
2024-01-21,Sun,0,0,0.0,0,0.0,0.0
2024-01-22,Mon,0,0,0.0,0,0.0,0.0
2024-01-23,Tue,0,0,0.0,0,0.0,0.0
2024-01-24,Wed,0,0,0.0,0,0.0,0.0
2024-01-25,Thu,0,0,0.0,0,0.0,0.0
2024-01-26,Fri,0,0,0.0,0,0.0,0.0
2024-01-27,Sat,0,0,0.0,0,0.0,0.0
2024-01-28,Sun,0,0,0.0,0,0.0,0.0
2024-01-29,Mon,0,0,0.0,0,0.0,0.0
2024-01-30,Tue,0,0,0.0,0,0.0,0.0
2024-01-31,Wed,0,0,0.0,0,0.0,0.0
2024-02-01,Thu,0,0,0.0,0,0.0,0.0
2024-02-02,Fri,0,0,0.0,0,0.0,0.0
2024-02-03,Sat,0,0,0.0,0,0.0,0.0
2024-02-04,Sun,0,0,0.0,0,0.0,0.0
2024-02-05,Mon,0,0,0.0,0,0.0,0.0
2024-02-06,Tue,0,0,0.0,0,0.0,0.0
2024-02-07,Wed,0,0,0.0,0,0.0,0.0
2024-02-08,Thu,0,0,0.0,0,0.0,0.0
2024-02-09,Fri,0,0,0.0,0,0.0,0.0
2024-02-10,Sat,0,0,0.0,0,0.0,0.0
2024-02-11,Sun,0,0,0.0,0,0.0,0.0
2024-02-12,Mon,0,0,0.0,0,0.0,0.0
2024-02-13,Tue,0,0,0.0,0,0.0,0.0
2024-02-14,Wed,0,0,0.0,0,0.0,0.0
2024-02-15,Thu,0,0,0.0,0,0.0,0.0
2024-02-16,Fri,0,0,0.0,0,0.0,0.0
2024-02-17,Sat,0,0,0.0,0,0.0,0.0
2024-02-18,Sun,0,0,0.0,0,0.0,0.0
2024-02-19,Mon,0,0,0.0,0,0.0,0.0
2024-02-20,Tue,0,0,0.0,0,0.0,0.0
2024-02-21,Wed,0,0,0.0,0,0.0,0.0
2024-02-22,Thu,0,0,0.0,0,0.0,0.0
2024-02-23,Fri,0,0,0.0,0,0.0,0.0
2024-02-24,Sat,0,0,0.0,0,0.0,0.0
2024-02-25,Sun,0,0,0.0,0,0.0,0.0
2024-02-26,Mon,0,0,0.0,0,0.0,0.0
2024-02-27,Tue,0,0,0.0,0,0.0,0.0
2024-02-28,Wed,0,0,0.0,0,0.0,0.0
2024-02-29,Thu,0,0,0.0,0,0.0,0.0
2024-03-01,Fri,0,0,0.0,0,0.0,0.0
2024-03-02,Sat,0,0,0.0,0,0.0,0.0
2024-03-03,Sun,0,0,0.0,0,0.0,0.0
2024-03-04,Mon,0,0,0.0,0,0.0,0.0
2024-03-05,Tue,0,0,0.0,0,0.0,0.0
2024-03-06,Wed,0,0,0.0,0,0.0,0.0
2024-03-07,Thu,0,0,0.0,0,0.0,0.0
2024-03-08,Fri,0,0,0.0,0,0.0,0.0
2024-03-09,Sat,0,0,0.0,0,0.0,0.0
2024-03-10,Sun,0,0,0.0,0,0.0,0.0
2024-03-11,Mon,0,0,0.0,0,0.0,0.0
2024-03-12,Tue,0,0,0.0,0,0.0,0.0
2024-03-13,Wed,0,0,0.0,0,0.0,0.0
2024-03-14,Thu,0,0,0.0,0,0.0,0.0
2024-03-15,Fri,0,0,0.0,0,0.0,0.0
2024-03-16,Sat,0,0,0.0,0,0.0,0.0
2024-03-17,Sun,0,0,0.0,0,0.0,0.0
2024-03-18,Mon,0,0,0.0,0,0.0,0.0
2024-03-19,Tue,0,0,0.0,0,0.0,0.0
2024-03-20,Wed,0,0,0.0,0,0.0,0.0
2024-03-21,Thu,0,0,0.0,0,0.0,0.0
2024-03-22,Fri,0,0,0.0,0,0.0,0.0
2024-03-23,Sat,0,0,0.0,0,0.0,0.0
2024-03-24,Sun,0,0,0.0,0,0.0,0.0
2024-03-25,Mon,0,0,0.0,0,0.0,0.0
2024-03-26,Tue,0,0,0.0,0,0.0,0.0
2024-03-27,Wed,0,0,0.0,0,0.0,0.0
2024-03-28,Thu,0,0,0.0,0,0.0,0.0
2024-03-29,Fri,0,0,0.0,0,0.0,0.0
2024-03-30,Sat,0,0,0.0,0,0.0,0.0
2024-03-31,Sun,0,0,0.0,0,0.0,0.0
2024-04-01,Mon,0,0,0.0,0,0.0,0.0
2024-04-02,Tue,0,0,0.0,0,0.0,0.0
2024-04-03,Wed,0,0,0.0,0,0.0,0.0
2024-04-04,Thu,0,0,0.0,0,0.0,0.0
2024-04-05,Fri,0,0,0.0,0,0.0,0.0
2024-04-06,Sat,0,0,0.0,0,0.0,0.0
2024-04-07,Sun,0,0,0.0,0,0.0,0.0
2024-04-08,Mon,0,0,0.0,0,0.0,0.0
2024-04-09,Tue,0,0,0.0,0,0.0,0.0
2024-04-10,Wed,0,0,0.0,0,0.0,0.0
2024-04-11,Thu,0,0,0.0,0,0.0,0.0
2024-04-12,Fri,0,0,0.0,0,0.0,0.0
2024-04-13,Sat,0,0,0.0,0,0.0,0.0
2024-04-14,Sun,0,0,0.0,0,0.0,0.0
2024-04-15,Mon,0,0,0.0,0,0.0,0.0
2024-04-16,Tue,0,0,0.0,0,0.0,0.0
2024-04-17,Wed,0,0,0.0,0,0.0,0.0
2024-04-18,Thu,0,0,0.0,0,0.0,0.0
2024-04-19,Fri,0,0,0.0,0,0.0,0.0
2024-04-20,Sat,0,0,0.0,0,0.0,0.0
2024-04-21,Sun,0,0,0.0,0,0.0,0.0
2024-04-22,Mon,0,0,0.0,0,0.0,0.0
2024-04-23,Tue,0,0,0.0,0,0.0,0.0
2024-04-24,Wed,0,0,0.0,0,0.0,0.0
2024-04-25,Thu,0,0,0.0,0,0.0,0.0
2024-04-26,Fri,0,0,0.0,0,0.0,0.0
2024-04-27,Sat,0,0,0.0,0,0.0,0.0
2024-04-28,Sun,0,0,0.0,0,0.0,0.0
2024-04-29,Mon,0,0,0.0,0,0.0,0.0
2024-04-30,Tue,0,0,0.0,0,0.0,0.0
2024-05-01,Wed,0,0,0.0,0,0.0,0.0
2024-05-02,Thu,0,0,0.0,0,0.0,0.0
2024-05-03,Fri,0,0,0.0,0,0.0,0.0
2024-05-04,Sat,0,0,0.0,0,0.0,0.0
2024-05-05,Sun,0,0,0.0,0,0.0,0.0
2024-05-06,Mon,0,0,0.0,0,0.0,0.0
2024-05-07,Tue,0,0,0.0,0,0.0,0.0
2024-05-08,Wed,0,0,0.0,0,0.0,0.0
2024-05-09,Thu,0,0,0.0,0,0.0,0.0
2024-05-10,Fri,0,0,0.0,0,0.0,0.0
2024-05-11,Sat,0,0,0.0,0,0.0,0.0
2024-05-12,Sun,0,0,0.0,0,0.0,0.0
2024-05-13,Mon,0,0,0.0,0,0.0,0.0
2024-05-14,Tue,0,0,0.0,0,0.0,0.0
2024-05-15,Wed,0,0,0.0,0,0.0,0.0
2024-05-16,Thu,0,0,0.0,0,0.0,0.0
2024-05-17,Fri,0,0,0.0,0,0.0,0.0
2024-05-18,Sat,0,0,0.0,0,0.0,0.0
2024-05-19,Sun,0,0,0.0,0,0.0,0.0
2024-05-20,Mon,0,0,0.0,0,0.0,0.0
2024-05-21,Tue,0,0,0.0,0,0.0,0.0
2024-05-22,Wed,0,0,0.0,0,0.0,0.0
2024-05-23,Thu,0,0,0.0,0,0.0,0.0
2024-05-24,Fri,0,0,0.0,0,0.0,0.0
2024-05-25,Sat,0,0,0.0,0,0.0,0.0
2024-05-26,Sun,0,0,0.0,0,0.0,0.0
2024-05-27,Mon,0,0,0.0,0,0.0,0.0
2024-05-28,Tue,0,0,0.0,0,0.0,0.0
2024-05-29,Wed,0,0,0.0,0,0.0,0.0
2024-05-30,Thu,0,0,0.0,0,0.0,0.0
2024-05-31,Fri,0,0,0.0,0,0.0,0.0
2024-06-01,Sat,0,0,0.0,0,0.0,0.0
2024-06-02,Sun,0,0,0.0,0,0.0,0.0
2024-06-03,Mon,0,0,0.0,0,0.0,0.0
2024-06-04,Tue,0,0,0.0,0,0.0,0.0
2024-06-05,Wed,0,0,0.0,0,0.0,0.0
2024-06-06,Thu,0,0,0.0,0,0.0,0.0
2024-06-07,Fri,0,0,0.0,0,0.0,0.0
2024-06-08,Sat,0,0,0.0,0,0.0,0.0
2024-06-09,Sun,0,0,0.0,0,0.0,0.0
2024-06-10,Mon,0,0,0.0,0,0.0,0.0
2024-06-11,Tue,0,0,0.0,0,0.0,0.0
2024-06-12,Wed,0,0,0.0,0,0.0,0.0
2024-06-13,Thu,0,0,0.0,0,0.0,0.0
2024-06-14,Fri,0,0,0.0,0,0.0,0.0
2024-06-15,Sat,0,0,0.0,0,0.0,0.0
2024-06-16,Sun,0,0,0.0,0,0.0,0.0
2024-06-17,Mon,0,0,0.0,0,0.0,0.0
2024-06-18,Tue,0,0,0.0,0,0.0,0.0
2024-06-19,Wed,0,0,0.0,0,0.0,0.0
2024-06-20,Thu,0,0,0.0,0,0.0,0.0
2024-06-21,Fri,0,0,0.0,0,0.0,0.0
2024-06-22,Sat,0,0,0.0,0,0.0,0.0
2024-06-23,Sun,0,0,0.0,0,0.0,0.0
2024-06-24,Mon,0,0,0.0,0,0.0,0.0
2024-06-25,Tue,0,0,0.0,0,0.0,0.0
2024-06-26,Wed,0,0,0.0,0,0.0,0.0
2024-06-27,Thu,0,0,0.0,0,0.0,0.0
2024-06-28,Fri,0,0,0.0,0,0.0,0.0
2024-06-29,Sat,0,0,0.0,0,0.0,0.0
2024-06-30,Sun,0,0,0.0,0,0.0,0.0
2024-07-01,Mon,0,0,0.0,0,0.0,0.0
2024-07-02,Tue,0,0,0.0,0,0.0,0.0
2024-07-03,Wed,0,0,0.0,0,0.0,0.0
2024-07-04,Thu,0,0,0.0,0,0.0,0.0
2024-07-05,Fri,0,0,0.0,0,0.0,0.0
2024-07-06,Sat,0,0,0.0,0,0.0,0.0
2024-07-07,Sun,0,0,0.0,0,0.0,0.0
2024-07-08,Mon,0,0,0.0,0,0.0,0.0
2024-07-09,Tue,0,0,0.0,0,0.0,0.0
2024-07-10,Wed,0,0,0.0,0,0.0,0.0
2024-07-11,Thu,0,0,0.0,0,0.0,0.0
2024-07-12,Fri,0,0,0.0,0,0.0,0.0
2024-07-13,Sat,0,0,0.0,0,0.0,0.0
2024-07-14,Sun,0,0,0.0,0,0.0,0.0
2024-07-15,Mon,0,0,0.0,0,0.0,0.0
2024-07-16,Tue,0,0,0.0,0,0.0,0.0
2024-07-17,Wed,0,0,0.0,0,0.0,0.0
2024-07-18,Thu,0,0,0.0,0,0.0,0.0
2024-07-19,Fri,0,0,0.0,0,0.0,0.0
2024-07-20,Sat,0,0,0.0,0,0.0,0.0
2024-07-21,Sun,0,0,0.0,0,0.0,0.0
2024-07-22,Mon,0,0,0.0,0,0.0,0.0
2024-07-23,Tue,0,0,0.0,0,0.0,0.0
2024-07-24,Wed,0,0,0.0,0,0.0,0.0
2024-07-25,Thu,0,0,0.0,0,0.0,0.0
2024-07-26,Fri,0,0,0.0,0,0.0,0.0
2024-07-27,Sat,0,0,0.0,0,0.0,0.0
2024-07-28,Sun,0,0,0.0,0,0.0,0.0
2024-07-29,Mon,0,0,0.0,0,0.0,0.0
2024-07-30,Tue,0,0,0.0,0,0.0,0.0
2024-07-31,Wed,0,0,0.0,0,0.0,0.0
2024-08-01,Thu,0,0,0.0,0,0.0,0.0
2024-08-02,Fri,0,0,0.0,0,0.0,0.0
2024-08-03,Sat,0,0,0.0,0,0.0,0.0
2024-08-04,Sun,0,0,0.0,0,0.0,0.0
2024-08-05,Mon,0,0,0.0,0,0.0,0.0
2024-08-06,Tue,0,0,0.0,0,0.0,0.0
2024-08-07,Wed,0,0,0.0,0,0.0,0.0
2024-08-08,Thu,0,0,0.0,0,0.0,0.0
2024-08-09,Fri,0,0,0.0,0,0.0,0.0
2024-08-10,Sat,0,0,0.0,0,0.0,0.0
2024-08-11,Sun,0,0,0.0,0,0.0,0.0
2024-08-12,Mon,0,0,0.0,0,0.0,0.0
2024-08-13,Tue,0,0,0.0,0,0.0,0.0
2024-08-14,Wed,0,0,0.0,0,0.0,0.0
2024-08-15,Thu,0,0,0.0,0,0.0,0.0
2024-08-16,Fri,0,0,0.0,0,0.0,0.0
2024-08-17,Sat,0,0,0.0,0,0.0,0.0
2024-08-18,Sun,0,0,0.0,0,0.0,0.0
2024-08-19,Mon,0,0,0.0,0,0.0,0.0
2024-08-20,Tue,0,0,0.0,0,0.0,0.0
2024-08-21,Wed,0,0,0.0,0,0.0,0.0
2024-08-22,Thu,0,0,0.0,0,0.0,0.0
2024-08-23,Fri,0,0,0.0,0,0.0,0.0
2024-08-24,Sat,0,0,0.0,0,0.0,0.0
2024-08-25,Sun,0,0,0.0,0,0.0,0.0
2024-08-26,Mon,0,0,0.0,0,0.0,0.0
2024-08-27,Tue,0,0,0.0,0,0.0,0.0
2024-08-28,Wed,0,0,0.0,0,0.0,0.0
2024-08-29,Thu,0,0,0.0,0,0.0,0.0
2024-08-30,Fri,0,0,0.0,0,0.0,0.0
2024-08-31,Sat,0,0,0.0,0,0.0,0.0
2024-09-01,Sun,0,0,0.0,0,0.0,0.0
2024-09-02,Mon,0,0,0.0,0,0.0,0.0
2024-09-03,Tue,0,0,0.0,0,0.0,0.0
2024-09-04,Wed,0,0,0.0,0,0.0,0.0
2024-09-05,Thu,0,0,0.0,0,0.0,0.0
2024-09-06,Fri,0,0,0.0,0,0.0,0.0
2024-09-07,Sat,0,0,0.0,0,0.0,0.0
2024-09-08,Sun,0,0,0.0,0,0.0,0.0
2024-09-09,Mon,0,0,0.0,0,0.0,0.0
2024-09-10,Tue,0,0,0.0,0,0.0,0.0
2024-09-11,Wed,0,0,0.0,0,0.0,0.0
2024-09-12,Thu,0,0,0.0,0,0.0,0.0
2024-09-13,Fri,0,0,0.0,0,0.0,0.0
2024-09-14,Sat,0,0,0.0,0,0.0,0.0
2024-09-15,Sun,0,0,0.0,0,0.0,0.0
2024-09-16,Mon,0,0,0.0,0,0.0,0.0
2024-09-17,Tue,0,0,0.0,0,0.0,0.0
2024-09-18,Wed,0,0,0.0,0,0.0,0.0
2024-09-19,Thu,0,0,0.0,0,0.0,0.0
2024-09-20,Fri,0,0,0.0,0,0.0,0.0
2024-09-21,Sat,0,0,0.0,0,0.0,0.0
2024-09-22,Sun,0,0,0.0,0,0.0,0.0
2024-09-23,Mon,0,0,0.0,0,0.0,0.0
2024-09-24,Tue,0,0,0.0,0,0.0,0.0
2024-09-25,Wed,0,0,0.0,0,0.0,0.0
2024-09-26,Thu,0,0,0.0,0,0.0,0.0
2024-09-27,Fri,0,0,0.0,0,0.0,0.0
2024-09-28,Sat,0,0,0.0,0,0.0,0.0
2024-09-29,Sun,0,0,0.0,0,0.0,0.0
2024-09-30,Mon,0,0,0.0,0,0.0,0.0
2024-10-01,Tue,0,0,0.0,0,0.0,0.0
2024-10-02,Wed,0,0,0.0,0,0.0,0.0
2024-10-03,Thu,0,0,0.0,0,0.0,0.0
2024-10-04,Fri,0,0,0.0,0,0.0,0.0
2024-10-05,Sat,0,0,0.0,0,0.0,0.0
2024-10-06,Sun,0,0,0.0,0,0.0,0.0
2024-10-07,Mon,0,0,0.0,0,0.0,0.0
2024-10-08,Tue,0,0,0.0,0,0.0,0.0
2024-10-09,Wed,0,0,0.0,0,0.0,0.0
2024-10-10,Thu,0,0,0.0,0,0.0,0.0
2024-10-11,Fri,0,0,0.0,0,0.0,0.0
2024-10-12,Sat,0,0,0.0,0,0.0,0.0
2024-10-13,Sun,0,0,0.0,0,0.0,0.0
2024-10-14,Mon,0,0,0.0,0,0.0,0.0
2024-10-15,Tue,0,0,0.0,0,0.0,0.0
2024-10-16,Wed,0,0,0.0,0,0.0,0.0
2024-10-17,Thu,0,0,0.0,0,0.0,0.0
2024-10-18,Fri,0,0,0.0,0,0.0,0.0
2024-10-19,Sat,0:00,0:00,0.0,0,0.0,0.0
2024-10-20,Sun,0,0,0.0,0,0.0,0.0
2024-10-21,Mon,0,0,0.0,0,0.0,0.0
2024-10-22,Tue,0,0,0.0,0,0.0,0.0
2024-10-23,Wed,0,0,0.0,0,0.0,0.0
2024-10-24,Thu,0,0,0.0,0,0.0,0.0
2024-10-25,Fri,0,0,0.0,0,0.0,0.0
2024-10-26,Sat,0,0,0.0,0,0.0,0.0
2024-10-27,Sun,0,0,0.0,0,0.0,0.0
2024-10-28,Mon,0,0,0.0,0,0.0,0.0
2024-10-29,Tue,0,0,0.0,0,0.0,0.0
2024-10-30,Wed,0,0,0.0,0,0.0,0.0
2024-10-31,Thu,0,0,0.0,0,0.0,0.0
2024-11-01,Fri,0,0,0.0,0,0.0,0.0
2024-11-02,Sat,0,0,0.0,0,0.0,0.0
2024-11-03,Sun,0,0,0.0,0,0.0,0.0
2024-11-04,Mon,0,0,0.0,0,0.0,0.0
2024-11-05,Tue,0,0,0.0,0,0.0,0.0
2024-11-06,Wed,0,0,0.0,0,0.0,0.0
2024-11-07,Thu,0,0,0.0,0,0.0,0.0
2024-11-08,Fri,0,0,0.0,0,0.0,0.0
2024-11-09,Sat,0,0,0.0,0,0.0,0.0
2024-11-10,Sun,0,0,0.0,0,0.0,0.0
2024-11-11,Mon,0,0,0.0,0,0.0,0.0
2024-11-12,Tue,0,0,0.0,0,0.0,0.0
2024-11-13,Wed,0,0,0.0,0,0.0,0.0
2024-11-14,Thu,0,0,0.0,0,0.0,0.0
2024-11-15,Fri,0,0,0.0,0,0.0,0.0
2024-11-16,Sat,0,0,0.0,0,0.0,0.0
2024-11-17,Sun,0,0,0.0,0,0.0,0.0
2024-11-18,Mon,0,0,0.0,0,0.0,0.0
2024-11-19,Tue,0,0,0.0,0,0.0,0.0
2024-11-20,Wed,0,0,0.0,0,0.0,0.0
2024-11-21,Thu,0,0,0.0,0,0.0,0.0
2024-11-22,Fri,0,0,0.0,0,0.0,0.0
2024-11-23,Sat,0,0,0.0,0,0.0,0.0
2024-11-24,Sun,0,0,0.0,0,0.0,0.0
2024-11-25,Mon,0,0,0.0,0,0.0,0.0
2024-11-26,Tue,0,0,0.0,0,0.0,0.0
2024-11-27,Wed,0,0,0.0,0,0.0,0.0
2024-11-28,Thu,0,0,0.0,0,0.0,0.0
2024-11-29,Fri,0,0,0.0,0,0.0,0.0
2024-11-30,Sat,0,0,0.0,0,0.0,0.0
2024-12-01,Sun,0,0,0.0,0,0.0,0.0
2024-12-02,Mon,0,0,0.0,0,0.0,0.0
2024-12-03,Tue,0,0,0.0,0,0.0,0.0
2024-12-04,Wed,0,0,0.0,0,0.0,0.0
2024-12-05,Thu,0,0,0.0,0,0.0,0.0
2024-12-06,Fri,0,0,0.0,0,0.0,0.0
2024-12-07,Sat,0,0,0.0,0,0.0,0.0
2024-12-08,Sun,0,0,0.0,0,0.0,0.0
2024-12-09,Mon,0,0,0.0,0,0.0,0.0
2024-12-10,Tue,0,0,0.0,0,0.0,0.0
2024-12-11,Wed,0,0,0.0,0,0.0,0.0
2024-12-12,Thu,0,0,0.0,0,0.0,0.0
2024-12-13,Fri,0,0,0.0,0,0.0,0.0
2024-12-14,Sat,0,0,0.0,0,0.0,0.0
2024-12-15,Sun,0,0,0.0,0,0.0,0.0
2024-12-16,Mon,0,0,0.0,0,0.0,0.0
2024-12-17,Tue,0,0,0.0,0,0.0,0.0
2024-12-18,Wed,0,0,0.0,0,0.0,0.0
2024-12-19,Thu,0,0,0.0,0,0.0,0.0
2024-12-20,Fri,0,0,0.0,0,0.0,0.0
2024-12-21,Sat,0,0,0.0,0,0.0,0.0
2024-12-22,Sun,0,0,0.0,0,0.0,0.0
2024-12-23,Mon,0,0,0.0,0,0.0,0.0
2024-12-24,Tue,0,0,0.0,0,0.0,0.0
2024-12-25,Wed,0,0,0.0,0,0.0,0.0
2024-12-26,Thu,0,0,0.0,0,0.0,0.0
2024-12-27,Fri,0,0,0.0,0,0.0,0.0
2024-12-28,Sat,0,0,0.0,0,0.0,0.0
2024-12-29,Sun,0,0,0.0,0,0.0,0.0
2024-12-30,Mon,0,0,0.0,0,0.0,0.0
2024-12-31,Tue,0,0,0.0,0,0.0,0.0
2025-01-01,Wed,0,0,0.0,0,0.0,0.0
2025-01-02,Thu,0,0,0.0,0,0.0,0.0
2025-01-03,Fri,0,0,0.0,0,0.0,0.0
2025-01-04,Sat,0,0,0.0,0,0.0,0.0
2025-01-05,Sun,0,0,0.0,0,0.0,0.0
2025-01-06,Mon,0,0,0.0,0,0.0,0.0
2025-01-07,Tue,0,0,0.0,0,0.0,0.0
2025-01-08,Wed,0,0,0.0,0,0.0,0.0
2025-01-09,Thu,0,0,0.0,0,0.0,0.0
2025-01-10,Fri,0,0,0.0,0,0.0,0.0
2025-01-11,Sat,0,0,0.0,0,0.0,0.0
2025-01-12,Sun,0,0,0.0,0,0.0,0.0
2025-01-13,Mon,0,0,0.0,0,0.0,0.0
2025-01-14,Tue,0,0,0.0,0,0.0,0.0
2025-01-15,Wed,0,0,0.0,0,0.0,0.0
2025-01-16,Thu,0,0,0.0,0,0.0,0.0
2025-01-17,Fri,0,0,0.0,0,0.0,0.0
2025-01-18,Sat,0,0,0.0,0,0.0,0.0
2025-01-19,Sun,0,0,0.0,0,0.0,0.0
2025-01-20,Mon,0,0,0.0,0,0.0,0.0
2025-01-21,Tue,0,0,0.0,0,0.0,0.0
2025-01-22,Wed,0,0,0.0,0,0.0,0.0
2025-01-23,Thu,0,0,0.0,0,0.0,0.0
2025-01-24,Fri,0,0,0.0,0,0.0,0.0
2025-01-25,Sat,0,0,0.0,0,0.0,0.0
2025-01-26,Sun,0,0,0.0,0,0.0,0.0
2025-01-27,Mon,0,0,0.0,0,0.0,0.0
2025-01-28,Tue,0,0,0.0,0,0.0,0.0
2025-01-29,Wed,0,0,0.0,0,0.0,0.0
2025-01-30,Thu,0,0,0.0,0,0.0,0.0
2025-01-31,Fri,0,0,0.0,0,0.0,0.0
2025-02-01,Sat,0,0,0.0,0,0.0,0.0
2025-02-02,Sun,0,0,0.0,0,0.0,0.0
2025-02-03,Mon,0,0,0.0,0,0.0,0.0
2025-02-04,Tue,0,0,0.0,0,0.0,0.0
2025-02-05,Wed,0,0,0.0,0,0.0,0.0
2025-02-06,Thu,0,0,0.0,0,0.0,0.0
2025-02-07,Fri,0,0,0.0,0,0.0,0.0
2025-02-08,Sat,0,0,0.0,0,0.0,0.0
2025-02-09,Sun,0,0,0.0,0,0.0,0.0
2025-02-10,Mon,0,0,0.0,0,0.0,0.0
2025-02-11,Tue,0,0,0.0,0,0.0,0.0
2025-02-12,Wed,0,0,0.0,0,0.0,0.0
2025-02-13,Thu,0,0,0.0,0,0.0,0.0
2025-02-14,Fri,0,0,0.0,0,0.0,0.0
2025-02-15,Sat,0,0,0.0,0,0.0,0.0
2025-02-16,Sun,0,0,0.0,0,0.0,0.0
2025-02-17,Mon,0,0,0.0,0,0.0,0.0
2025-02-18,Tue,0,0,0.0,0,0.0,0.0
2025-02-19,Wed,0,0,0.0,0,0.0,0.0
2025-02-20,Thu,0,0,0.0,0,0.0,0.0
2025-02-21,Fri,0,0,0.0,0,0.0,0.0
2025-02-22,Sat,0,0,0.0,0,0.0,0.0
2025-02-23,Sun,0,0,0.0,0,0.0,0.0
2025-02-24,Mon,0,0,0.0,0,0.0,0.0
2025-02-25,Tue,0,0,0.0,0,0.0,0.0
2025-02-26,Wed,0,0,0.0,0,0.0,0.0
2025-02-27,Thu,0,0,0.0,0,0.0,0.0
2025-02-28,Fri,0,0,0.0,0,0.0,0.0
2025-03-01,Sat,0,0,0.0,0,0.0,0.0
2025-03-02,Sun,0,0,0.0,0,0.0,0.0
2025-03-03,Mon,0,0,0.0,0,0.0,0.0
2025-03-04,Tue,0,0,0.0,0,0.0,0.0
2025-03-05,Wed,0,0,0.0,0,0.0,0.0
2025-03-06,Thu,0,0,0.0,0,0.0,0.0
2025-03-07,Fri,0,0,0.0,0,0.0,0.0
2025-03-08,Sat,0,0,0.0,0,0.0,0.0
2025-03-09,Sun,0,0,0.0,0,0.0,0.0
2025-03-10,Mon,0,0,0.0,0,0.0,0.0
2025-03-11,Tue,0,0,0.0,0,0.0,0.0
2025-03-12,Wed,0,0,0.0,0,0.0,0.0
2025-03-13,Thu,0,0,0.0,0,0.0,0.0
2025-03-14,Fri,0,0,0.0,0,0.0,0.0
2025-03-15,Sat,0,0,0.0,0,0.0,0.0
2025-03-16,Sun,0,0,0.0,0,0.0,0.0
2025-03-17,Mon,0,0,0.0,0,0.0,0.0
2025-03-18,Tue,0,0,0.0,0,0.0,0.0
2025-03-19,Wed,0,0,0.0,0,0.0,0.0
2025-03-20,Thu,0,0,0.0,0,0.0,0.0
2025-03-21,Fri,0,0,0.0,0,0.0,0.0
2025-03-22,Sat,0,0,0.0,0,0.0,0.0
2025-03-23,Sun,0,0,0.0,0,0.0,0.0
2025-03-24,Mon,0,0,0.0,0,0.0,0.0
2025-03-25,Tue,0,0,0.0,0,0.0,0.0
2025-03-26,Wed,0,0,0.0,0,0.0,0.0
2025-03-27,Thu,0,0,0.0,0,0.0,0.0
2025-03-28,Fri,0,0,0.0,0,0.0,0.0
2025-03-29,Sat,0,0,0.0,0,0.0,0.0
2025-03-30,Sun,0,0,0.0,0,0.0,0.0
2025-03-31,Mon,0,0,0.0,0,0.0,0.0
2025-04-01,Tue,0,0,0.0,0,0.0,0.0
2025-04-02,Wed,0,0,0.0,0,0.0,0.0
2025-04-03,Thu,0,0,0.0,0,0.0,0.0
2025-04-04,Fri,0,0,0.0,0,0.0,0.0
2025-04-05,Sat,0,0,0.0,0,0.0,0.0
2025-04-06,Sun,0,0,0.0,0,0.0,0.0
2025-04-07,Mon,0,0,0.0,0,0.0,0.0
2025-04-08,Tue,0,0,0.0,0,0.0,0.0
2025-04-09,Wed,0,0,0.0,0,0.0,0.0
2025-04-10,Thu,0,0,0.0,0,0.0,0.0
2025-04-11,Fri,0,0,0.0,0,0.0,0.0
2025-04-12,Sat,0,0,0.0,0,0.0,0.0
2025-04-13,Sun,0,0,0.0,0,0.0,0.0
2025-04-14,Mon,0,0,0.0,0,0.0,0.0
2025-04-15,Tue,0,0,0.0,0,0.0,0.0
2025-04-16,Wed,0,0,0.0,0,0.0,0.0
2025-04-17,Thu,0,0,0.0,0,0.0,0.0
2025-04-18,Fri,0,0,0.0,0,0.0,0.0
2025-04-19,Sat,0,0,0.0,0,0.0,0.0
2025-04-20,Sun,0,0,0.0,0,0.0,0.0
2025-04-21,Mon,0,0,0.0,0,0.0,0.0
2025-04-22,Tue,0,0,0.0,0,0.0,0.0
2025-04-23,Wed,0,0,0.0,0,0.0,0.0
2025-04-24,Thu,0,0,0.0,0,0.0,0.0
2025-04-25,Fri,0,0,0.0,0,0.0,0.0
2025-04-26,Sat,0,0,0.0,0,0.0,0.0
2025-04-27,Sun,0,0,0.0,0,0.0,0.0
2025-04-28,Mon,0,0,0.0,0,0.0,0.0
2025-04-29,Tue,0,0,0.0,0,0.0,0.0
2025-04-30,Wed,0,0,0.0,0,0.0,0.0
2025-05-01,Thu,0,0,0.0,0,0.0,0.0
2025-05-02,Fri,0,0,0.0,0,0.0,0.0
2025-05-03,Sat,0,0,0.0,0,0.0,0.0
2025-05-04,Sun,0,0,0.0,0,0.0,0.0
2025-05-05,Mon,0,0,0.0,0,0.0,0.0
2025-05-06,Tue,0,0,0.0,0,0.0,0.0
2025-05-07,Wed,0,0,0.0,0,0.0,0.0
2025-05-08,Thu,0,0,0.0,0,0.0,0.0
2025-05-09,Fri,0,0,0.0,0,0.0,0.0
2025-05-10,Sat,0,0,0.0,0,0.0,0.0
2025-05-11,Sun,0,0,0.0,0,0.0,0.0
2025-05-12,Mon,0,0,0.0,0,0.0,0.0
2025-05-13,Tue,0,0,0.0,0,0.0,0.0
2025-05-14,Wed,0,0,0.0,0,0.0,0.0
2025-05-15,Thu,0,0,0.0,0,0.0,0.0
2025-05-16,Fri,0,0,0.0,0,0.0,0.0
2025-05-17,Sat,0,0,0.0,0,0.0,0.0
2025-05-18,Sun,0,0,0.0,0,0.0,0.0
2025-05-19,Mon,0,0,0.0,0,0.0,0.0
2025-05-20,Tue,0,0,0.0,0,0.0,0.0
2025-05-21,Wed,0,0,0.0,0,0.0,0.0
2025-05-22,Thu,0,0,0.0,0,0.0,0.0
2025-05-23,Fri,0,0,0.0,0,0.0,0.0
2025-05-24,Sat,0,0,0.0,0,0.0,0.0
2025-05-25,Sun,0,0,0.0,0,0.0,0.0
2025-05-26,Mon,0,0,0.0,0,0.0,0.0
2025-05-27,Tue,0,0,0.0,0,0.0,0.0
2025-05-28,Wed,0,0,0.0,0,0.0,0.0
2025-05-29,Thu,0,0,0.0,0,0.0,0.0
2025-05-30,Fri,0,0,0.0,0,0.0,0.0
2025-05-31,Sat,0,0,0.0,0,0.0,0.0
2025-06-01,Sun,0,0,0.0,0,0.0,0.0
2025-06-02,Mon,0,0,0.0,0,0.0,0.0
2025-06-03,Tue,0,0,0.0,0,0.0,0.0
2025-06-04,Wed,0,0,0.0,0,0.0,0.0
2025-06-05,Thu,0,0,0.0,0,0.0,0.0
2025-06-06,Fri,0,0,0.0,0,0.0,0.0
2025-06-07,Sat,0,0,0.0,0,0.0,0.0
2025-06-08,Sun,0,0,0.0,0,0.0,0.0
2025-06-09,Mon,0,0,0.0,0,0.0,0.0
2025-06-10,Tue,0,0,0.0,0,0.0,0.0
2025-06-11,Wed,0,0,0.0,0,0.0,0.0
2025-06-12,Thu,0,0,0.0,0,0.0,0.0
2025-06-13,Fri,0,0,0.0,0,0.0,0.0
2025-06-14,Sat,0,0,0.0,0,0.0,0.0
2025-06-15,Sun,0,0,0.0,0,0.0,0.0
2025-06-16,Mon,0,0,0.0,0,0.0,0.0
2025-06-17,Tue,0,0,0.0,0,0.0,0.0
2025-06-18,Wed,0,0,0.0,0,0.0,0.0
2025-06-19,Thu,0,0,0.0,0,0.0,0.0
2025-06-20,Fri,0,0,0.0,0,0.0,0.0
2025-06-21,Sat,0,0,0.0,0,0.0,0.0
2025-06-22,Sun,0,0,0.0,0,0.0,0.0
2025-06-23,Mon,0,0,0.0,0,0.0,0.0
2025-06-24,Tue,0,0,0.0,0,0.0,0.0
2025-06-25,Wed,0,0,0.0,0,0.0,0.0
2025-06-26,Thu,0,0,0.0,0,0.0,0.0
2025-06-27,Fri,0,0,0.0,0,0.0,0.0
2025-06-28,Sat,0,0,0.0,0,0.0,0.0
2025-06-29,Sun,0,0,0.0,0,0.0,0.0
2025-06-30,Mon,0,0,0.0,0,0.0,0.0
2025-07-01,Tue,0,0,0.0,0,0.0,0.0
2025-07-02,Wed,0,0,0.0,0,0.0,0.0
2025-07-03,Thu,0,0,0.0,0,0.0,0.0
2025-07-04,Fri,0,0,0.0,0,0.0,0.0
2025-07-05,Sat,0,0,0.0,0,0.0,0.0
2025-07-06,Sun,0,0,0.0,0,0.0,0.0
2025-07-07,Mon,0,0,0.0,0,0.0,0.0
2025-07-08,Tue,0,0,0.0,0,0.0,0.0
2025-07-09,Wed,0,0,0.0,0,0.0,0.0
2025-07-10,Thu,0,0,0.0,0,0.0,0.0
2025-07-11,Fri,0,0,0.0,0,0.0,0.0
2025-07-12,Sat,0,0,0.0,0,0.0,0.0
2025-07-13,Sun,0,0,0.0,0,0.0,0.0
2025-07-14,Mon,0,0,0.0,0,0.0,0.0
2025-07-15,Tue,0,0,0.0,0,0.0,0.0
2025-07-16,Wed,0,0,0.0,0,0.0,0.0
2025-07-17,Thu,0,0,0.0,0,0.0,0.0
2025-07-18,Fri,0,0,0.0,0,0.0,0.0
2025-07-19,Sat,0,0,0.0,0,0.0,0.0
2025-07-20,Sun,0,0,0.0,0,0.0,0.0
2025-07-21,Mon,0,0,0.0,0,0.0,0.0
2025-07-22,Tue,0,0,0.0,0,0.0,0.0
2025-07-23,Wed,0,0,0.0,0,0.0,0.0
2025-07-24,Thu,0,0,0.0,0,0.0,0.0
2025-07-25,Fri,0,0,0.0,0,0.0,0.0
2025-07-26,Sat,0,0,0.0,0,0.0,0.0
2025-07-27,Sun,0,0,0.0,0,0.0,0.0
2025-07-28,Mon,0,0,0.0,0,0.0,0.0
2025-07-29,Tue,0,0,0.0,0,0.0,0.0
2025-07-30,Wed,0,0,0.0,0,0.0,0.0
2025-07-31,Thu,0,0,0.0,0,0.0,0.0
2025-08-01,Fri,0,0,0.0,0,0.0,0.0
2025-08-02,Sat,0,0,0.0,0,0.0,0.0
2025-08-03,Sun,0,0,0.0,0,0.0,0.0
2025-08-04,Mon,0,0,0.0,0,0.0,0.0
2025-08-05,Tue,0,0,0.0,0,0.0,0.0
2025-08-06,Wed,0,0,0.0,0,0.0,0.0
2025-08-07,Thu,0,0,0.0,0,0.0,0.0
2025-08-08,Fri,0,0,0.0,0,0.0,0.0
2025-08-09,Sat,0,0,0.0,0,0.0,0.0
2025-08-10,Sun,0,0,0.0,0,0.0,0.0
2025-08-11,Mon,0,0,0.0,0,0.0,0.0
2025-08-12,Tue,0,0,0.0,0,0.0,0.0
2025-08-13,Wed,0,0,0.0,0,0.0,0.0
2025-08-14,Thu,0,0,0.0,0,0.0,0.0
2025-08-15,Fri,0,0,0.0,0,0.0,0.0
2025-08-16,Sat,0,0,0.0,0,0.0,0.0
2025-08-17,Sun,0,0,0.0,0,0.0,0.0
2025-08-18,Mon,0,0,0.0,0,0.0,0.0
2025-08-19,Tue,0,0,0.0,0,0.0,0.0
2025-08-20,Wed,0,0,0.0,0,0.0,0.0
2025-08-21,Thu,0,0,0.0,0,0.0,0.0
2025-08-22,Fri,0,0,0.0,0,0.0,0.0
2025-08-23,Sat,0,0,0.0,0,0.0,0.0
2025-08-24,Sun,0,0,0.0,0,0.0,0.0
2025-08-25,Mon,0,0,0.0,0,0.0,0.0
2025-08-26,Tue,0,0,0.0,0,0.0,0.0
2025-08-27,Wed,0,0,0.0,0,0.0,0.0
2025-08-28,Thu,0,0,0.0,0,0.0,0.0
2025-08-29,Fri,0,0,0.0,0,0.0,0.0
2025-08-30,Sat,0,0,0.0,0,0.0,0.0
2025-08-31,Sun,0,0,0.0,0,0.0,0.0
2025-09-01,Mon,0,0,0.0,0,0.0,0.0
2025-09-02,Tue,0,0,0.0,0,0.0,0.0
2025-09-03,Wed,0,0,0.0,0,0.0,0.0
2025-09-04,Thu,0,0,0.0,0,0.0,0.0
2025-09-05,Fri,0,0,0.0,0,0.0,0.0
2025-09-06,Sat,0,0,0.0,0,0.0,0.0
2025-09-07,Sun,0,0,0.0,0,0.0,0.0
2025-09-08,Mon,0,0,0.0,0,0.0,0.0
2025-09-09,Tue,0,0,0.0,0,0.0,0.0
2025-09-10,Wed,0,0,0.0,0,0.0,0.0
2025-09-11,Thu,0,0,0.0,0,0.0,0.0
2025-09-12,Fri,0,0,0.0,0,0.0,0.0
2025-09-13,Sat,0,0,0.0,0,0.0,0.0
2025-09-14,Sun,0,0,0.0,0,0.0,0.0
2025-09-15,Mon,0,0,0.0,0,0.0,0.0
2025-09-16,Tue,0,0,0.0,0,0.0,0.0
2025-09-17,Wed,0,0,0.0,0,0.0,0.0
2025-09-18,Thu,0,0,0.0,0,0.0,0.0
2025-09-19,Fri,0,0,0.0,0,0.0,0.0
2025-09-20,Sat,0,0,0.0,0,0.0,0.0
2025-09-21,Sun,0,0,0.0,0,0.0,0.0
2025-09-22,Mon,0,0,0.0,0,0.0,0.0
2025-09-23,Tue,0,0,0.0,0,0.0,0.0
2025-09-24,Wed,0,0,0.0,0,0.0,0.0
2025-09-25,Thu,0,0,0.0,0,0.0,0.0
2025-09-26,Fri,0,0,0.0,0,0.0,0.0
2025-09-27,Sat,0,0,0.0,0,0.0,0.0
2025-09-28,Sun,0,0,0.0,0,0.0,0.0
2025-09-29,Mon,0,0,0.0,0,0.0,0.0
2025-09-30,Tue,0,0,0.0,0,0.0,0.0
2025-10-01,Wed,0,0,0.0,0,0.0,0.0
2025-10-02,Thu,0,0,0.0,0,0.0,0.0
2025-10-03,Fri,0,0,0.0,0,0.0,0.0
2025-10-04,Sat,0,0,0.0,0,0.0,0.0
2025-10-05,Sun,0,0,0.0,0,0.0,0.0
2025-10-06,Mon,0,0,0.0,0,0.0,0.0
2025-10-07,Tue,0,0,0.0,0,0.0,0.0
2025-10-08,Wed,0,0,0.0,0,0.0,0.0
2025-10-09,Thu,0,0,0.0,0,0.0,0.0
2025-10-10,Fri,0,0,0.0,0,0.0,0.0
2025-10-11,Sat,0,0,0.0,0,0.0,0.0
2025-10-12,Sun,0,0,0.0,0,0.0,0.0
2025-10-13,Mon,0,0,0.0,0,0.0,0.0
2025-10-14,Tue,0,0,0.0,0,0.0,0.0
2025-10-15,Wed,0,0,0.0,0,0.0,0.0
2025-10-16,Thu,0,0,0.0,0,0.0,0.0
2025-10-17,Fri,0,0,0.0,0,0.0,0.0
2025-10-18,Sat,0,0,0.0,0,0.0,0.0
2025-10-19,Sun,0,0,0.0,0,0.0,0.0
2025-10-20,Mon,0,0,0.0,0,0.0,0.0
2025-10-21,Tue,0,0,0.0,0,0.0,0.0
2025-10-22,Wed,0,0,0.0,0,0.0,0.0
2025-10-23,Thu,0,0,0.0,0,0.0,0.0
2025-10-24,Fri,0,0,0.0,0,0.0,0.0
2025-10-25,Sat,0,0,0.0,0,0.0,0.0
2025-10-26,Sun,0,0,0.0,0,0.0,0.0
2025-10-27,Mon,0,0,0.0,0,0.0,0.0
2025-10-28,Tue,0,0,0.0,0,0.0,0.0
2025-10-29,Wed,0,0,0.0,0,0.0,0.0
2025-10-30,Thu,0,0,0.0,0,0.0,0.0
2025-10-31,Fri,0,0,0.0,0,0.0,0.0
2025-11-01,Sat,0,0,0.0,0,0.0,0.0
2025-11-02,Sun,0,0,0.0,0,0.0,0.0
2025-11-03,Mon,0,0,0.0,0,0.0,0.0
2025-11-04,Tue,0,0,0.0,0,0.0,0.0
2025-11-05,Wed,0,0,0.0,0,0.0,0.0
2025-11-06,Thu,0,0,0.0,0,0.0,0.0
2025-11-07,Fri,0,0,0.0,0,0.0,0.0
2025-11-08,Sat,0,0,0.0,0,0.0,0.0
2025-11-09,Sun,0,0,0.0,0,0.0,0.0
2025-11-10,Mon,0,0,0.0,0,0.0,0.0
2025-11-11,Tue,0,0,0.0,0,0.0,0.0
2025-11-12,Wed,0,0,0.0,0,0.0,0.0
2025-11-13,Thu,0,0,0.0,0,0.0,0.0
2025-11-14,Fri,0,0,0.0,0,0.0,0.0
2025-11-15,Sat,0,0,0.0,0,0.0,0.0
2025-11-16,Sun,0,0,0.0,0,0.0,0.0
2025-11-17,Mon,0,0,0.0,0,0.0,0.0
2025-11-18,Tue,0,0,0.0,0,0.0,0.0
2025-11-19,Wed,0,0,0.0,0,0.0,0.0
2025-11-20,Thu,0,0,0.0,0,0.0,0.0
2025-11-21,Fri,0,0,0.0,0,0.0,0.0
2025-11-22,Sat,0,0,0.0,0,0.0,0.0
2025-11-23,Sun,0,0,0.0,0,0.0,0.0
2025-11-24,Mon,0,0,0.0,0,0.0,0.0
2025-11-25,Tue,0,0,0.0,0,0.0,0.0
2025-11-26,Wed,0,0,0.0,0,0.0,0.0
2025-11-27,Thu,0,0,0.0,0,0.0,0.0
2025-11-28,Fri,0,0,0.0,0,0.0,0.0
2025-11-29,Sat,0,0,0.0,0,0.0,0.0
2025-11-30,Sun,0,0,0.0,0,0.0,0.0
2025-12-01,Mon,0,0,0.0,0,0.0,0.0
2025-12-02,Tue,0,0,0.0,0,0.0,0.0
2025-12-03,Wed,0,0,0.0,0,0.0,0.0
2025-12-04,Thu,0,0,0.0,0,0.0,0.0
2025-12-05,Fri,0,0,0.0,0,0.0,0.0
2025-12-06,Sat,0,0,0.0,0,0.0,0.0
2025-12-07,Sun,0,0,0.0,0,0.0,0.0
2025-12-08,Mon,0,0,0.0,0,0.0,0.0
2025-12-09,Tue,0,0,0.0,0,0.0,0.0
2025-12-10,Wed,0,0,0.0,0,0.0,0.0
2025-12-11,Thu,0,0,0.0,0,0.0,0.0
2025-12-12,Fri,0,0,0.0,0,0.0,0.0
2025-12-13,Sat,0,0,0.0,0,0.0,0.0
2025-12-14,Sun,0,0,0.0,0,0.0,0.0
2025-12-15,Mon,0,0,0.0,0,0.0,0.0
2025-12-16,Tue,0,0,0.0,0,0.0,0.0
2025-12-17,Wed,0,0,0.0,0,0.0,0.0
2025-12-18,Thu,0,0,0.0,0,0.0,0.0
2025-12-19,Fri,0,0,0.0,0,0.0,0.0
2025-12-20,Sat,0,0,0.0,0,0.0,0.0
2025-12-21,Sun,0,0,0.0,0,0.0,0.0
2025-12-22,Mon,0,0,0.0,0,0.0,0.0
2025-12-23,Tue,0,0,0.0,0,0.0,0.0
2025-12-24,Wed,0,0,0.0,0,0.0,0.0
2025-12-25,Thu,0,0,0.0,0,0.0,0.0
2025-12-26,Fri,0,0,0.0,0,0.0,0.0
2025-12-27,Sat,0,0,0.0,0,0.0,0.0
2025-12-28,Sun,0,0,0.0,0,0.0,0.0
2025-12-29,Mon,0,0,0.0,0,0.0,0.0
2025-12-30,Tue,0,0,0.0,0,0.0,0.0
2025-12-31,Wed,0,0,0.0,0,0.0,0.0
2026-01-01,Thu,0,0,0.0,0,0.0,0.0
2026-01-02,Fri,0,0,0.0,0,0.0,0.0
2026-01-03,Sat,0,0,0.0,0,0.0,0.0
2026-01-04,Sun,0,0,0.0,0,0.0,0.0
2026-01-05,Mon,0,0,0.0,0,0.0,0.0
2026-01-06,Tue,0,0,0.0,0,0.0,0.0
2026-01-07,Wed,0,0,0.0,0,0.0,0.0
2026-01-08,Thu,0,0,0.0,0,0.0,0.0
2026-01-09,Fri,0,0,0.0,0,0.0,0.0
2026-01-10,Sat,0,0,0.0,0,0.0,0.0
2026-01-11,Sun,0,0,0.0,0,0.0,0.0
2026-01-12,Mon,0,0,0.0,0,0.0,0.0
2026-01-13,Tue,0,0,0.0,0,0.0,0.0
2026-01-14,Wed,0,0,0.0,0,0.0,0.0
2026-01-15,Thu,0,0,0.0,0,0.0,0.0
2026-01-16,Fri,0,0,0.0,0,0.0,0.0
2026-01-17,Sat,0,0,0.0,0,0.0,0.0
2026-01-18,Sun,0,0,0.0,0,0.0,0.0
2026-01-19,Mon,0,0,0.0,0,0.0,0.0
2026-01-20,Tue,0,0,0.0,0,0.0,0.0
2026-01-21,Wed,0,0,0.0,0,0.0,0.0
2026-01-22,Thu,0,0,0.0,0,0.0,0.0
2026-01-23,Fri,0,0,0.0,0,0.0,0.0
2026-01-24,Sat,0,0,0.0,0,0.0,0.0
2026-01-25,Sun,0,0,0.0,0,0.0,0.0
2026-01-26,Mon,0,0,0.0,0,0.0,0.0
2026-01-27,Tue,0,0,0.0,0,0.0,0.0
2026-01-28,Wed,0,0,0.0,0,0.0,0.0
2026-01-29,Thu,0,0,0.0,0,0.0,0.0
2026-01-30,Fri,0,0,0.0,0,0.0,0.0
2026-01-31,Sat,0,0,0.0,0,0.0,0.0
2026-02-01,Sun,0,0,0.0,0,0.0,0.0
2026-02-02,Mon,0,0,0.0,0,0.0,0.0
2026-02-03,Tue,0,0,0.0,0,0.0,0.0
2026-02-04,Wed,0,0,0.0,0,0.0,0.0
2026-02-05,Thu,0,0,0.0,0,0.0,0.0
2026-02-06,Fri,0,0,0.0,0,0.0,0.0
2026-02-07,Sat,0,0,0.0,0,0.0,0.0
2026-02-08,Sun,0,0,0.0,0,0.0,0.0
2026-02-09,Mon,0,0,0.0,0,0.0,0.0
2026-02-10,Tue,0,0,0.0,0,0.0,0.0
2026-02-11,Wed,0,0,0.0,0,0.0,0.0
2026-02-12,Thu,0,0,0.0,0,0.0,0.0
2026-02-13,Fri,0,0,0.0,0,0.0,0.0
2026-02-14,Sat,0,0,0.0,0,0.0,0.0
2026-02-15,Sun,0,0,0.0,0,0.0,0.0
2026-02-16,Mon,0,0,0.0,0,0.0,0.0
2026-02-17,Tue,0,0,0.0,0,0.0,0.0
2026-02-18,Wed,0,0,0.0,0,0.0,0.0
2026-02-19,Thu,0,0,0.0,0,0.0,0.0
2026-02-20,Fri,0,0,0.0,0,0.0,0.0
2026-02-21,Sat,0,0,0.0,0,0.0,0.0
2026-02-22,Sun,0,0,0.0,0,0.0,0.0
2026-02-23,Mon,0,0,0.0,0,0.0,0.0
2026-02-24,Tue,0,0,0.0,0,0.0,0.0
2026-02-25,Wed,0,0,0.0,0,0.0,0.0
2026-02-26,Thu,0,0,0.0,0,0.0,0.0
2026-02-27,Fri,0,0,0.0,0,0.0,0.0
2026-02-28,Sat,0,0,0.0,0,0.0,0.0
2026-03-01,Sun,0,0,0.0,0,0.0,0.0
2026-03-02,Mon,0,0,0.0,0,0.0,0.0
2026-03-03,Tue,0,0,0.0,0,0.0,0.0
2026-03-04,Wed,0,0,0.0,0,0.0,0.0
2026-03-05,Thu,0,0,0.0,0,0.0,0.0
2026-03-06,Fri,0,0,0.0,0,0.0,0.0
2026-03-07,Sat,0,0,0.0,0,0.0,0.0
2026-03-08,Sun,0,0,0.0,0,0.0,0.0
2026-03-09,Mon,0,0,0.0,0,0.0,0.0
2026-03-10,Tue,0,0,0.0,0,0.0,0.0
2026-03-11,Wed,0,0,0.0,0,0.0,0.0
2026-03-12,Thu,0,0,0.0,0,0.0,0.0
2026-03-13,Fri,0,0,0.0,0,0.0,0.0
2026-03-14,Sat,0,0,0.0,0,0.0,0.0
2026-03-15,Sun,0,0,0.0,0,0.0,0.0
2026-03-16,Mon,0,0,0.0,0,0.0,0.0
2026-03-17,Tue,0,0,0.0,0,0.0,0.0
2026-03-18,Wed,0,0,0.0,0,0.0,0.0
2026-03-19,Thu,0,0,0.0,0,0.0,0.0
2026-03-20,Fri,0,0,0.0,0,0.0,0.0
2026-03-21,Sat,0,0,0.0,0,0.0,0.0
2026-03-22,Sun,0,0,0.0,0,0.0,0.0
2026-03-23,Mon,0,0,0.0,0,0.0,0.0
2026-03-24,Tue,0,0,0.0,0,0.0,0.0
2026-03-25,Wed,0,0,0.0,0,0.0,0.0
2026-03-26,Thu,0,0,0.0,0,0.0,0.0
2026-03-27,Fri,0,0,0.0,0,0.0,0.0
2026-03-28,Sat,0,0,0.0,0,0.0,0.0
2026-03-29,Sun,0,0,0.0,0,0.0,0.0
2026-03-30,Mon,0,0,0.0,0,0.0,0.0
2026-03-31,Tue,0,0,0.0,0,0.0,0.0
